project,lang,lines,lo-code,lo-comment,number-comments,todo,todo-lines,inline,inline-lines,class,class-lines,method,method-lines,header,header-lines,other,other-lines,neg,neu,pos,com
airflow,py,198884,33911,164973,11190,3,3,2,2,721,12578,1095,4442,7470,134876,1899,13072,0.0059308310991957325,0.9320003574620964,0.06207211796247425,0.5748684271670328
django,py,293604,239631,53973,28425,4,4,859,859,1733,3693,7296,15807,1934,8392,16599,25218,0.025892031662269242,0.9231639401934864,0.05084591029023618,0.0388319929639394
pandas,py,346242,253007,93235,29862,794,794,626,626,963,4562,4213,27605,2137,6291,21129,53357,0.02326381354229441,0.930306074609864,0.04609121961020764,0.044354082111043434
scikit-learn,py,200389,72076,128313,19896,192,192,262,262,420,22365,3581,22817,3821,27279,11620,55398,0.016603638922396427,0.9449391837555003,0.03805644350623167,0.06868317752311945
jmeter,java,210262,143747,66515,21508,42,42,850,850,688,3437,3454,15081,1362,21791,15112,25314,0.010039334201227457,0.961247582294983,0.024575367305189482,0.0750847591593843
mockito,java,67773,49123,18650,4525,52,52,271,271,174,1575,406,3174,910,2730,2712,10848,0.0343365745856354,0.9353423204419882,0.027670055248618784,-0.01958099447513805
RxJava,java,369438,297889,71549,11636,12,12,446,446,64,661,405,1748,1747,19412,8962,49270,0.013482640082502556,0.95079572017876,0.035123066345823614,0.16987055689240468
spring-boot,java,406582,289412,117170,16575,0,0,725,725,740,5038,1780,8275,4922,68911,8408,34221,0.013763740573152307,0.9326170739064458,0.05331806938160525,0.2728150407239547
